,molecule_chembl_id,Canonical_Smiles,axis 1,axis 2,Target 1 ID,Target 1 name,Target 2 ID,Target 2 name,Smiles,IC50_Target_1,IC50_Target_2,Activity Index,std,norma,normal_desviation,HBA,LogP,TPSA,MW,HBD,RB
0,CHEMBL1207579,CCCc1c2[nH]c(C(=O)O)cc(=NC)c2cc2c(=O)cc(C(=O)O)oc12,7.881985664367676,7.480713367462158,CHEMBL4303835,SARS-CoV-2,CHEMBL6020,Bile salt export pump,CCCc1c2[nH]c(C(=O)O)cc(=NC)c2cc2c(=O)cc(C(=O)O)oc12,19976.31,1000000,-11.858906454212908,692981.3969224629,1.0,12.0,5,2.1536999999999997,132.96,356.3340000000001,3,4
1,CHEMBL229128,Cc1ccccc1OCC(O)CO,1.551121473312378,-5.790592193603516,CHEMBL4303835,SARS-CoV-2,CHEMBL6020,Bile salt export pump,Cc1ccccc1OCC(O)CO,20000.0,1000000,-11.8594990552502,692964.6455628165,0.9999758202976771,11.999927460893032,3,0.7270199999999998,49.69,182.219,2,4
2,CHEMBL1329029,O=C1C(O)=C(O)C(=O)C(O)=C1O,12.766884803771973,1.4906784296035767,CHEMBL4303835,SARS-CoV-2,CHEMBL6020,Bile salt export pump,O=C1C(O)=C(O)C(=O)C(O)=C1O,19976.31,1000000,-11.858906454212908,692981.3969224629,1.0,12.0,6,-0.20659999999999995,115.06,172.09199999999998,4,0
3,CHEMBL528271,CCCCc1ccc2[nH]c(=NC(=O)OC)[nH]c2c1,-1.4012633562088013,-2.6348938941955566,CHEMBL4303835,SARS-CoV-2,CHEMBL6020,Bile salt export pump,CCCCc1ccc2[nH]c(=NC(=O)OC)[nH]c2c1,19976.31,1000000,-11.858906454212908,692981.3969224629,1.0,12.0,2,2.5057,70.24000000000001,247.29799999999997,2,3
4,CHEMBL13779,COC(=O)N/N=C/c1c[n+]([O-])c2ccccc2[n+]1[O-],5.6536030769348145,-1.1225754022598267,CHEMBL4303835,SARS-CoV-2,CHEMBL6020,Bile salt export pump,COC(=O)N/N=C/c1c[n+]([O-])c2ccccc2[n+]1[O-],19976.31,939800,-11.827862358056198,650413.5686950327,0.9385555897072162,11.815666769121648,5,-0.2034999999999998,104.57,262.225,1,2
5,CHEMBL225164,Oc1ccc(Cl)c2cccnc12,-4.187819480895996,-6.874915599822998,CHEMBL4303835,SARS-CoV-2,CHEMBL6020,Bile salt export pump,Oc1ccc(Cl)c2cccnc12,19976.31,356700,-11.343476360904262,238099.60458515686,0.3434021737317634,10.03020652119529,2,2.5938000000000008,33.120000000000005,179.60600000000002,1,0
6,CHEMBL497011,Cc1cccc(C)c1CNc1cc(C(=O)NCCO)cn2c(C)c(C)nc12,5.683318138122559,8.743304252624512,CHEMBL4303835,SARS-CoV-2,CHEMBL6020,Bile salt export pump,Cc1cccc(C)c1CNc1cc(C(=O)NCCO)cn2c(C)c(C)nc12,19976.31,1000000,-11.858906454212908,692981.3969224629,1.0,12.0,5,2.9021800000000013,78.66,366.4650000000001,3,6
7,CHEMBL127643,CCCCc1cc2ccccc2c(OCCN(C)C)n1,-9.093730926513672,0.6973105072975159,CHEMBL4303835,SARS-CoV-2,CHEMBL6020,Bile salt export pump,CCCCc1cc2ccccc2c(OCCN(C)C)n1,19976.31,68680,-10.519757832736477,34438.70946780744,0.04942843531768363,9.148285305953051,3,3.517800000000002,25.36,272.39199999999994,0,7
8,CHEMBL1684,NS(=O)(=O)c1cc2c(cc1C(F)(F)F)NC(Cc1ccccc1)NS2(=O)=O,7.401965141296387,6.234644889831543,CHEMBL4303835,SARS-CoV-2,CHEMBL6020,Bile salt export pump,NS(=O)(=O)c1cc2c(cc1C(F)(F)F)NC(Cc1ccccc1)NS2(=O)=O,19976.31,69550,-10.526051773906566,35053.89236743974,0.05031641932025376,9.150949257960761,5,1.6254000000000004,118.35999999999999,421.4220000000001,3,3
9,CHEMBL1199080,CC[N+](C)(C)Cc1ccccc1Br,-7.583494663238525,-7.524355411529541,CHEMBL4303835,SARS-CoV-2,CHEMBL6020,Bile salt export pump,CC[N+](C)(C)Cc1ccccc1Br,19976.31,1000000,-11.858906454212908,692981.3969224629,1.0,12.0,0,3.0454000000000017,0.0,243.16799999999998,0,3
10,CHEMBL1099,CC1(C)OC(=O)NC1=O,0.46128222346305847,-9.25888442993164,CHEMBL4303835,SARS-CoV-2,CHEMBL6020,Bile salt export pump,CC1(C)OC(=O)NC1=O,19976.31,1000000,-11.858906454212908,692981.3969224629,1.0,12.0,3,0.03139999999999993,55.4,129.115,1,0
11,CHEMBL1697853,COc1cc(C(=O)N2CCOCC2)cc(OC)c1OC,3.0629584789276123,1.8152140378952026,CHEMBL4303835,SARS-CoV-2,CHEMBL6020,Bile salt export pump,COc1cc(C(=O)N2CCOCC2)cc(OC)c1OC,19976.31,1000000,-11.858906454212908,692981.3969224629,1.0,12.0,5,1.1848,57.230000000000004,281.308,0,4
12,CHEMBL1201392,C[C@@H]1C[C@H]2[C@@H]3CC(F)=C4CC(=O)C=C[C@]4(C)[C@@]3(F)[C@@H](O)C[C@]2(C)[C@@]1(O)C(=O)CO,6.374966144561768,6.096828460693359,CHEMBL4303835,SARS-CoV-2,CHEMBL6020,Bile salt export pump,C[C@@H]1C[C@H]2[C@@H]3CC(F)=C4CC(=O)C=C[C@]4(C)[C@@]3(F)[C@@H](O)C[C@]2(C)[C@@]1(O)C(=O)CO,19976.31,68460,-10.51815363127286,34283.145975946405,0.0492038876388728,9.147611662916619,5,2.1929000000000003,94.83,410.45700000000016,3,2
13,CHEMBL1536675,O=C1c2ccccc2CN2C(=O)c3ccccc3CN12,-4.282696723937988,-5.167464733123779,CHEMBL4303835,SARS-CoV-2,CHEMBL6020,Bile salt export pump,O=C1c2ccccc2CN2C(=O)c3ccccc3CN12,19976.31,1000000,-11.858906454212908,692981.3969224629,1.0,12.0,2,2.2134,40.620000000000005,264.28399999999993,0,0
14,CHEMBL44793,O=C(C=Cc1c(C(=O)O)[nH]c2cc(Cl)cc(Cl)c12)Nc1ccccc1,-4.505049705505371,3.556821823120117,CHEMBL4303835,SARS-CoV-2,CHEMBL6020,Bile salt export pump,O=C(C=Cc1c(C(=O)O)[nH]c2cc(Cl)cc(Cl)c12)Nc1ccccc1,19976.31,1000000,-11.858906454212908,692981.3969224629,1.0,12.0,2,4.824800000000002,82.19,375.21100000000007,3,4
15,CHEMBL1487804,O=C(Nc1ccc(C(=O)O)c(O)c1)c1ccccc1,-0.5750426054000854,-1.2270755767822266,CHEMBL4303835,SARS-CoV-2,CHEMBL6020,Bile salt export pump,O=C(Nc1ccc(C(=O)O)c(O)c1)c1ccccc1,19976.31,1000000,-11.858906454212908,692981.3969224629,1.0,12.0,3,2.3427,86.63000000000001,257.245,3,3
16,CHEMBL100,CC1(C)Oc2ccc(C#N)cc2[C@@H](N2CCCC2=O)[C@@H]1O,2.395528554916382,-0.544061005115509,CHEMBL4303835,SARS-CoV-2,CHEMBL6020,Bile salt export pump,CC1(C)Oc2ccc(C#N)cc2[C@@H](N2CCCC2=O)[C@@H]1O,19976.31,353300,-11.338687591904389,235695.4415291226,0.3399318914228686,10.019795674268606,4,1.7536799999999997,73.56,286.33099999999996,1,1
17,CHEMBL1087630,CCCOc1ccc2[nH]c(=NC(=O)OC)[nH]c2c1,0.2525603175163269,-2.2542965412139893,CHEMBL4303835,SARS-CoV-2,CHEMBL6020,Bile salt export pump,CCCOc1ccc2[nH]c(=NC(=O)OC)[nH]c2c1,19976.31,1000000,-11.858906454212908,692981.3969224629,1.0,12.0,3,1.9519,79.47,249.26999999999998,2,3
18,CHEMBL297362,Cc1cccc(C)c1N=C1NCCCS1,-5.553685188293457,-5.795335292816162,CHEMBL4303835,SARS-CoV-2,CHEMBL6020,Bile salt export pump,Cc1cccc(C)c1N=C1NCCCS1,19976.31,1000000,-11.858906454212908,692981.3969224629,1.0,12.0,2,3.0174400000000015,24.39,220.34099999999998,1,1
19,CHEMBL472566,N=c1[nH]c2cc(Cl)ccc2o1,-1.5868619680404663,-6.686042308807373,CHEMBL4303835,SARS-CoV-2,CHEMBL6020,Bile salt export pump,N=c1[nH]c2cc(Cl)ccc2o1,19976.31,1000000,-11.858906454212908,692981.3969224629,1.0,12.0,2,1.89377,52.78,168.583,2,0
20,CHEMBL961,CCN(CC)C(=S)S,-5.101837635040283,-8.856637001037598,CHEMBL4303835,SARS-CoV-2,CHEMBL6020,Bile salt export pump,CCN(CC)C(=S)S,19976.31,69260,-10.523962584208977,34848.83140089564,0.050020424652730384,9.15006127395819,1,1.5429,3.24,149.28400000000002,1,2
21,CHEMBL162358,CCCc1c(OCCCCc2nn[nH]n2)ccc(C(C)=O)c1O,4.082913398742676,8.393810272216797,CHEMBL4303835,SARS-CoV-2,CHEMBL6020,Bile salt export pump,CCCc1c(OCCCCc2nn[nH]n2)ccc(C(C)=O)c1O,19976.31,10740,-9.5920163592622,6531.057434141122,0.009145214555205037,9.027435643665616,6,2.462100000000001,100.99000000000001,318.3770000000001,2,9
22,CHEMBL1618018,CN1[C@@H]2CC[C@H]1C[C@@H](OC(=O)C(O)c1ccccc1)C2,1.761356234550476,0.5303425788879395,CHEMBL4303835,SARS-CoV-2,CHEMBL6020,Bile salt export pump,CN1[C@@H]2CC[C@H]1C[C@@H](OC(=O)C(O)c1ccccc1)C2,19976.31,1000000,-11.858906454212908,692981.3969224629,1.0,12.0,4,1.8883999999999996,49.769999999999996,275.34800000000007,1,3
23,CHEMBL1885632,CC(=O)Nc1ccc(CC(=O)O)cc1,0.345246285200119,-5.457190990447998,CHEMBL4303835,SARS-CoV-2,CHEMBL6020,Bile salt export pump,CC(=O)Nc1ccc(CC(=O)O)cc1,19976.31,1000000,-11.858906454212908,692981.3969224629,1.0,12.0,2,1.2721,66.4,193.202,2,3
24,CHEMBL1450565,NC(=O)c1ccc([N+](=O)[O-])cc1Cl,2.1931893825531006,-2.7683823108673096,CHEMBL4303835,SARS-CoV-2,CHEMBL6020,Bile salt export pump,NC(=O)c1ccc([N+](=O)[O-])cc1Cl,19976.31,1000000,-11.858906454212908,692981.3969224629,1.0,12.0,3,1.3471,86.23,200.581,1,2
25,CHEMBL1443577,Nc1ccc(S(=O)(=O)N=c2ccc(Cl)n[nH]2)cc1,4.592622756958008,-1.3407261371612549,CHEMBL4303835,SARS-CoV-2,CHEMBL6020,Bile salt export pump,Nc1ccc(S(=O)(=O)N=c2ccc(Cl)n[nH]2)cc1,19976.31,1000000,-11.858906454212908,692981.3969224629,1.0,12.0,4,0.9349000000000001,101.20000000000002,284.728,2,2
26,CHEMBL36648,COc1c(OC)c(OC(C)=O)c2cc(Cl)ccc2c1OC(C)=O,0.4952993094921112,4.767134666442871,CHEMBL4303835,SARS-CoV-2,CHEMBL6020,Bile salt export pump,COc1c(OC)c(OC(C)=O)c2cc(Cl)ccc2c1OC(C)=O,19976.31,14390,-9.738295575171477,3950.1176828102234,0.005419764429479771,9.016259293288439,6,3.3610000000000015,71.06,338.7430000000001,0,4
27,CHEMBL1484857,O=C(O)CCC(=O)Nc1ccc(S(=O)(=O)N=c2[nH]ccs2)cc1,8.767974853515625,6.640584468841553,CHEMBL4303835,SARS-CoV-2,CHEMBL6020,Bile salt export pump,O=C(O)CCC(=O)Nc1ccc(S(=O)(=O)N=c2[nH]ccs2)cc1,19976.31,1000000,-11.858906454212908,692981.3969224629,1.0,12.0,5,1.1691,128.69,355.39700000000005,3,6
28,CHEMBL276520,c1ccc2c(CCC3CCNCC3)c[nH]c2c1,-7.244890213012695,-5.344815254211426,CHEMBL4303835,SARS-CoV-2,CHEMBL6020,Bile salt export pump,c1ccc2c(CCC3CCNCC3)c[nH]c2c1,19976.31,1000000,-11.858906454212908,692981.3969224629,1.0,12.0,1,3.100100000000001,27.82,228.339,2,3
29,CHEMBL171679,COC(=O)C(Cc1ccccc1)NC(=O)C(N)CC(=O)O,10.343436241149902,4.581648349761963,CHEMBL4303835,SARS-CoV-2,CHEMBL6020,Bile salt export pump,COC(=O)C(Cc1ccccc1)NC(=O)C(N)CC(=O)O,19976.31,1000000,-11.858906454212908,692981.3969224629,1.0,12.0,5,-0.31109999999999954,118.72000000000001,294.307,3,7
30,CHEMBL116943,C1CCc2nnnn2CC1,0.3083484172821045,-10.417585372924805,CHEMBL4303835,SARS-CoV-2,CHEMBL6020,Bile salt export pump,C1CCc2nnnn2CC1,19976.31,1000000,-11.858906454212908,692981.3969224629,1.0,12.0,4,0.39949999999999997,43.6,138.174,0,0
31,CHEMBL1909282,O=C(O)Cc1csc(-c2ccc(Cl)cc2)n1,-4.826208114624023,-2.6117467880249023,CHEMBL4303835,SARS-CoV-2,CHEMBL6020,Bile salt export pump,O=C(O)Cc1csc(-c2ccc(Cl)cc2)n1,19976.31,1000000,-11.858906454212908,692981.3969224629,1.0,12.0,3,3.090600000000001,50.19,253.71,1,3
32,CHEMBL761,c1ccc2c(CC3=NCCN3)cccc2c1,-5.56057596206665,-6.75607967376709,CHEMBL4303835,SARS-CoV-2,CHEMBL6020,Bile salt export pump,c1ccc2c(CC3=NCCN3)cccc2c1,19976.31,1000000,-11.858906454212908,692981.3969224629,1.0,12.0,2,2.3840000000000003,24.39,210.28000000000003,1,2
33,CHEMBL1004,CN(C)CCOC(C)(c1ccccc1)c1ccccn1,-8.534987449645996,-0.058195747435092926,CHEMBL4303835,SARS-CoV-2,CHEMBL6020,Bile salt export pump,CN(C)CCOC(C)(c1ccccc1)c1ccccn1,19976.31,1000000,-11.858906454212908,692981.3969224629,1.0,12.0,3,2.923300000000001,25.36,270.37600000000003,0,6
34,CHEMBL1620794,CCN(CC)CCOC(=O)C(Cc1cccc2ccccc12)CC1CCCO1,-8.138864517211914,4.256726264953613,CHEMBL4303835,SARS-CoV-2,CHEMBL6020,Bile salt export pump,CCN(CC)CCOC(=O)C(Cc1cccc2ccccc12)CC1CCCO1,19976.31,11040,-9.605791335146314,6318.925399785157,0.00883901317500844,9.026517039525025,4,4.452600000000004,38.769999999999996,383.5320000000002,0,10
35,CHEMBL13766,COc1ccccc1O,-3.072453260421753,-8.843151092529297,CHEMBL4303835,SARS-CoV-2,CHEMBL6020,Bile salt export pump,COc1ccccc1O,19976.31,1000000,-11.858906454212908,692981.3969224629,1.0,12.0,2,1.4008,29.46,124.13899999999997,1,1
36,CHEMBL524,COc1ccc(OC)c(C(O)C(C)N)c1,1.6112169027328491,-4.092296600341797,CHEMBL4303835,SARS-CoV-2,CHEMBL6020,Bile salt export pump,COc1ccc(OC)c(C(O)C(C)N)c1,19976.31,1000000,-11.858906454212908,692981.3969224629,1.0,12.0,4,1.0844,64.71,211.261,2,4
37,CHEMBL1418182,COc1cc(C(=O)NCCCCCC(=O)O)cc(OC)c1OC,3.873936653137207,9.116806983947754,CHEMBL4303835,SARS-CoV-2,CHEMBL6020,Bile salt export pump,COc1cc(C(=O)NCCCCCC(=O)O)cc(OC)c1OC,19976.31,1000000,-11.858906454212908,692981.3969224629,1.0,12.0,5,2.0872,94.09,325.36100000000005,2,10
38,CHEMBL253978,Cc1scc2c1N(C(=O)CN1CCN(C)CC1)c1ccccc1NC2=O,1.4141846895217896,3.764791965484619,CHEMBL4303835,SARS-CoV-2,CHEMBL6020,Bile salt export pump,Cc1scc2c1N(C(=O)CN1CCN(C)CC1)c1ccccc1NC2=O,19976.31,315300,-11.281791097997347,208825.3838440338,0.301146383264633,9.903439149793899,5,2.53432,55.89000000000001,370.478,1,2
39,CHEMBL114655,CC(CCc1ccccc1)NC(C)C(O)c1ccc(O)cc1,-3.5180342197418213,1.454519510269165,CHEMBL4303835,SARS-CoV-2,CHEMBL6020,Bile salt export pump,CC(CCc1ccccc1)NC(C)C(O)c1ccc(O)cc1,19976.31,280000,-11.222423616306465,183864.51446814867,0.26511668752816675,9.7953500625845,3,3.4250000000000016,52.489999999999995,299.41400000000004,3,7
40,CHEMBL1201217,CCCCOc1ccc(C(=O)CCN2CCCCC2)cc1,-8.361653327941895,1.2823177576065063,CHEMBL4303835,SARS-CoV-2,CHEMBL6020,Bile salt export pump,CCCCOc1ccc(C(=O)CCN2CCCCC2)cc1,19976.31,275400,-11.214141107869118,180611.82327469054,0.26042159969848555,9.781264799095457,3,3.9242000000000035,29.54,289.4189999999999,0,8
41,CHEMBL1661,OC[C@@H](O)[C@@H](O[C@@H]1O[C@H](CO)[C@H](O)[C@H](O)[C@H]1O)[C@H](O)[C@@H](O)CO,12.677864074707031,6.228615760803223,CHEMBL4303835,SARS-CoV-2,CHEMBL6020,Bile salt export pump,OC[C@@H](O)[C@@H](O[C@@H]1O[C@H](CO)[C@H](O)[C@H](O)[C@H]1O)[C@H](O)[C@@H](O)CO,19976.31,1000000,-11.858906454212908,692981.3969224629,1.0,12.0,11,-5.761199999999992,200.52999999999997,344.3130000000001,9,8
42,CHEMBL1201236,C[C@@](Cc1ccc(O)c(O)c1)(NN)C(=O)O,12.74030876159668,3.0501904487609863,CHEMBL4303835,SARS-CoV-2,CHEMBL6020,Bile salt export pump,C[C@@](Cc1ccc(O)c(O)c1)(NN)C(=O)O,19976.31,133000,-10.850203378832717,79919.81763372618,0.11507801123183409,9.345234033695503,5,-0.05310000000000015,115.81000000000002,226.232,5,4
43,CHEMBL1594,CC(C)(CO)C(=O)C(O)NCCC(=O)O,11.631549835205078,3.6435673236846924,CHEMBL4303835,SARS-CoV-2,CHEMBL6020,Bile salt export pump,CC(C)(CO)C(=O)C(O)NCCC(=O)O,19976.31,1000000,-11.858906454212908,692981.3969224629,1.0,12.0,5,-1.0432999999999995,106.86,219.23699999999997,4,7
44,CHEMBL839,CC(C)(C)NCC(O)COc1cccc2c1CCC(=O)N2,-0.8316280245780945,0.3518657684326172,CHEMBL4303835,SARS-CoV-2,CHEMBL6020,Bile salt export pump,CC(C)(C)NCC(O)COc1cccc2c1CCC(=O)N2,19976.31,1000000,-11.858906454212908,692981.3969224629,1.0,12.0,4,1.6990999999999998,70.58999999999999,292.37899999999996,3,5
45,CHEMBL348000,O=C(O)c1cc(-c2ccccc2)nc2ccccc12,-5.429018020629883,-3.4260592460632324,CHEMBL4303835,SARS-CoV-2,CHEMBL6020,Bile salt export pump,O=C(O)c1cc(-c2ccccc2)nc2ccccc12,19976.31,813500,-11.755701778051385,561105.9822311718,0.8096448086444488,11.428934425933345,2,3.6000000000000014,50.19,249.269,1,2
46,CHEMBL569713,CN1[C@@H]2C[C@@H](OC(=O)C(CO)c3ccccc3)C[C@H]1[C@@H]1O[C@@H]12,2.1867735385894775,1.9031163454055786,CHEMBL4303835,SARS-CoV-2,CHEMBL6020,Bile salt export pump,CN1[C@@H]2C[C@@H](OC(=O)C(CO)c3ccccc3)C[C@H]1[C@@H]1O[C@@H]12,19976.31,1000000,-11.858906454212908,692981.3969224629,1.0,12.0,5,0.9180999999999995,62.3,303.358,1,4
47,CHEMBL965,C[N+](C)(C)CCOC(N)=O,1.5189512968063354,-8.309764862060547,CHEMBL4303835,SARS-CoV-2,CHEMBL6020,Bile salt export pump,C[N+](C)(C)CCOC(N)=O,19976.31,1000000,-11.858906454212908,692981.3969224629,1.0,12.0,2,-0.2121000000000003,52.32,147.19799999999998,1,3
48,CHEMBL797,Cn1c(O)cc(-c2ccccc2)c1O,-1.6753500699996948,-5.439141273498535,CHEMBL4303835,SARS-CoV-2,CHEMBL6020,Bile salt export pump,Cn1c(O)cc(-c2ccccc2)c1O,19976.31,1000000,-11.858906454212908,692981.3969224629,1.0,12.0,3,2.1033000000000004,45.39,189.214,2,1
49,CHEMBL1095,CCn1c(O)c(-c2ccccc2)[nH]c1=O,-0.23527610301971436,-4.570133686065674,CHEMBL4303835,SARS-CoV-2,CHEMBL6020,Bile salt export pump,CCn1c(O)c(-c2ccccc2)[nH]c1=O,19976.31,791900,-11.742246375330023,545832.4757575423,0.7875983092702937,11.362794927810882,3,1.5688999999999995,58.02,204.22899999999998,2,2
50,CHEMBL1159717,CC(C)(C)NCC(O)c1ccccc1Cl,-6.475308895111084,-4.688135147094727,CHEMBL4303835,SARS-CoV-2,CHEMBL6020,Bile salt export pump,CC(C)(C)NCC(O)c1ccccc1Cl,19976.31,1000000,-11.858906454212908,692981.3969224629,1.0,12.0,2,2.7615000000000007,32.26,227.735,2,3
51,CHEMBL607023,CC1(C)CC(O)CC(C)(C)N1[O],-2.2846429347991943,-7.947618007659912,CHEMBL4303835,SARS-CoV-2,CHEMBL6020,Bile salt export pump,CC1(C)CC(O)CC(C)(C)N1[O],19976.31,1000000,-11.858906454212908,692981.3969224629,1.0,12.0,2,1.3457999999999999,43.37,172.248,1,0
52,CHEMBL1589896,Oc1ccc(C(O)CNCCCCCCNCC(O)c2ccc(O)c(O)c2)cc1O,10.842930793762207,7.344375133514404,CHEMBL4303835,SARS-CoV-2,CHEMBL6020,Bile salt export pump,Oc1ccc(C(O)CNCCCCCCNCC(O)c2ccc(O)c(O)c2)cc1O,19976.31,1000000,-11.858906454212908,692981.3969224629,1.0,12.0,8,2.0156000000000005,145.44,420.50600000000003,8,13
53,CHEMBL1330588,Cc1cc(=O)[nH]c(=S)[nH]1,-0.6985371708869934,-7.976409435272217,CHEMBL4303835,SARS-CoV-2,CHEMBL6020,Bile salt export pump,Cc1cc(=O)[nH]c(=S)[nH]1,19976.31,1000000,-11.858906454212908,692981.3969224629,1.0,12.0,2,0.74091,48.65,142.18300000000002,2,0
54,CHEMBL462394,CC(=O)Nc1c(I)c(C(=O)N[C@H]2C(O)O[C@H](CO)[C@@H](O)[C@@H]2O)c(I)c(N(C)C(C)=O)c1I,7.512197971343994,4.0997419357299805,CHEMBL4303835,SARS-CoV-2,CHEMBL6020,Bile salt export pump,CC(=O)Nc1c(I)c(C(=O)N[C@H]2C(O)O[C@H](CO)[C@@H](O)[C@@H]2O)c(I)c(N(C)C(C)=O)c1I,19976.31,1000000,-11.858906454212908,692981.3969224629,1.0,12.0,8,-0.028800000000000603,168.66,789.0989999999998,6,5
55,CHEMBL1200979,CC(C)(CO)C(=O)C(O)NCCCO,11.27493667602539,2.8719489574432373,CHEMBL4303835,SARS-CoV-2,CHEMBL6020,Bile salt export pump,CC(C)(CO)C(=O)C(O)NCCCO,19976.31,1000000,-11.858906454212908,692981.3969224629,1.0,12.0,5,-1.1355999999999997,89.79,205.25399999999996,4,7
56,CHEMBL216981,CCC(Nc1c(Nc2cccc(C(=O)N(C)C)c2O)c(=O)c1=O)c1ccc(C)o1,5.189042091369629,7.29020357131958,CHEMBL4303835,SARS-CoV-2,CHEMBL6020,Bile salt export pump,CCC(Nc1c(Nc2cccc(C(=O)N(C)C)c2O)c(=O)c1=O)c1ccc(C)o1,19976.31,10000,-9.556321361218863,7054.316452219166,0.00990051129302331,9.02970153387907,7,2.898220000000001,111.87999999999998,397.43100000000015,3,7
57,CHEMBL279229,COc1ccccc1N1CCN(CCCNc2cc(=O)n(C)c(=O)n2C)CC1,2.3007359504699707,6.480058670043945,CHEMBL4303835,SARS-CoV-2,CHEMBL6020,Bile salt export pump,COc1ccccc1N1CCN(CCCNc2cc(=O)n(C)c(=O)n2C)CC1,19976.31,11300,-9.617430177580989,6135.077636676655,0.008573638645504722,9.025720915936514,8,0.7168000000000008,71.74000000000001,387.48400000000015,1,7
58,CHEMBL1374379,CCCCNc1ccc(C(=O)OCCOCCOCCOCCOCCOCCOCCOCCOCCOC)cc1,1.2867093086242676,9.661688804626465,CHEMBL4303835,SARS-CoV-2,CHEMBL6020,Bile salt export pump,CCCCNc1ccc(C(=O)OCCOCCOCCOCCOCCOCCOCCOCCOCCOC)cc1,19976.31,10000,-9.556321361218863,7054.316452219166,0.00990051129302331,9.02970153387907,12,2.8346000000000036,121.40000000000003,603.7500000000003,1,32
59,CHEMBL520733,CC(C)C(=O)C(=O)NC(C)C(=O)NC1c2ccccc2CCN(C)C1O,8.98359489440918,5.35858154296875,CHEMBL4303835,SARS-CoV-2,CHEMBL6020,Bile salt export pump,CC(C)C(=O)C(=O)NC(C)C(=O)NC1c2ccccc2CCN(C)C1O,19976.31,471900,-11.48341236408801,319558.3057778471,0.4609835037272567,10.38295051118177,5,0.3800000000000006,98.74,361.4420000000001,3,5
60,CHEMBL279516,O=C(NC1CCN(CCc2c[nH]c3ccccc23)CC1)c1ccccc1,-4.854201316833496,1.68715238571167,CHEMBL4303835,SARS-CoV-2,CHEMBL6020,Bile salt export pump,O=C(NC1CCN(CCc2c[nH]c3ccccc23)CC1)c1ccccc1,19976.31,109000,-10.75070275583641,62949.25488524904,0.0905819008161063,9.27174570244832,2,3.604800000000002,48.13,347.46200000000016,2,5
61,CHEMBL1900528,C[N+]1(C)[C@@H]2C[C@@H](OC(=O)C(O)(c3cccs3)c3cccs3)C[C@H]1[C@@H]1O[C@@H]12,1.6591531038284302,4.7534613609313965,CHEMBL4303835,SARS-CoV-2,CHEMBL6020,Bile salt export pump,C[N+]1(C)[C@@H]2C[C@@H](OC(=O)C(O)(c3cccs3)c3cccs3)C[C@H]1[C@@H]1O[C@@H]12,19976.31,1000000,-11.858906454212908,692981.3969224629,1.0,12.0,6,2.3457,59.06,392.5220000000001,1,4
62,CHEMBL15023,O=C(CCCN1CCC(O)(c2cccc(C(F)(F)F)c2)CC1)c1ccc(F)cc1,-7.022307872772217,3.1916561126708984,CHEMBL4303835,SARS-CoV-2,CHEMBL6020,Bile salt export pump,O=C(CCCN1CCC(O)(c2cccc(C(F)(F)F)c2)CC1)c1ccc(F)cc1,19976.31,19700,-9.89533813259381,195.38067470965586,0.0,9.0,3,4.791000000000004,40.540000000000006,409.4230000000002,1,6
63,CHEMBL172513,C[N+](C)(C)CC(O)CC(=O)[O-],2.7567191123962402,-8.668063163757324,CHEMBL4303835,SARS-CoV-2,CHEMBL6020,Bile salt export pump,C[N+](C)(C)CC(O)CC(=O)[O-],19976.31,1000000,-11.858906454212908,692981.3969224629,1.0,12.0,3,-1.8064999999999984,60.36,161.20099999999996,1,4
64,CHEMBL39560,CC(=O)c1ccc2c(c1)N(CCCN(C)C)c1ccccc1S2,-8.76683521270752,2.3540773391723633,CHEMBL4303835,SARS-CoV-2,CHEMBL6020,Bile salt export pump,CC(=O)c1ccc2c(c1)N(CCCN(C)C)c1ccccc1S2,100000.0,111600,-11.567800896949787,8202.438661763952,0.011557765023061353,9.034673295069185,4,4.443600000000004,23.550000000000004,326.465,0,5
65,CHEMBL35505,NN=c1[nH][nH]c(=NN)c2ccccc12,13.500964164733887,1.8175578117370605,CHEMBL4303835,SARS-CoV-2,CHEMBL6020,Bile salt export pump,NN=c1[nH][nH]c(=NN)c2ccccc12,19976.31,1000000,-11.858906454212908,692981.3969224629,1.0,12.0,4,-0.9551999999999996,108.33999999999999,190.21000000000004,4,0
66,CHEMBL1512580,FC(F)(F)c1cccc(C2=CCN(CCc3ccc4ccccc4c3)CC2)c1,-10.523833274841309,2.8999297618865967,CHEMBL4303835,SARS-CoV-2,CHEMBL6020,Bile salt export pump,FC(F)(F)c1cccc(C2=CCN(CCc3ccc4ccccc4c3)CC2)c1,19976.31,117100,-10.786542950023676,68676.81981286008,0.09884933808141443,9.296548014244243,1,6.190400000000005,3.24,381.4410000000001,0,4
67,CHEMBL10188,CC[C@H](NC(=O)c1c(O)c(-c2ccccc2)nc2ccccc12)c1ccccc1,-5.616653919219971,3.4288394451141357,CHEMBL4303835,SARS-CoV-2,CHEMBL6020,Bile salt export pump,CC[C@H](NC(=O)c1c(O)c(-c2ccccc2)nc2ccccc12)c1ccccc1,19976.31,10000,-9.556321361218863,7054.316452219166,0.00990051129302331,9.02970153387907,3,5.488500000000004,62.22,382.4630000000001,2,5
68,CHEMBL349803,NS(=O)(=O)c1cc(C(=O)O)cc(N2CCCC2)c1Oc1ccccc1,6.623463153839111,7.778451919555664,CHEMBL4303835,SARS-CoV-2,CHEMBL6020,Bile salt export pump,NS(=O)(=O)c1cc(C(=O)O)cc(N2CCCC2)c1Oc1ccccc1,19976.31,790600,-11.741424890153134,544913.2369419999,0.7862714366227752,11.358814309868325,5,2.4247000000000005,109.93,362.40700000000004,2,5
69,CHEMBL127592,CN(C(=O)CN(CCO)CC(=O)N(C)C(C)(C)Cc1ccccc1)C(C)(C)Cc1ccccc1,-7.367983341217041,5.7242841720581055,CHEMBL4303835,SARS-CoV-2,CHEMBL6020,Bile salt export pump,CN(C(=O)CN(CCO)CC(=O)N(C)C(C)(C)Cc1ccccc1)C(C)(C)Cc1ccccc1,18610.435,10000,-9.520909047934563,6088.496977465991,0.008506401925769886,9.025519205777309,4,3.2401000000000018,64.09,467.6540000000002,1,12
70,CHEMBL2107771,CC(NCc1ccc(OCc2ccccc2F)cc1)C(N)=O,-2.526770830154419,0.9564733505249023,CHEMBL4303835,SARS-CoV-2,CHEMBL6020,Bile salt export pump,CC(NCc1ccc(OCc2ccccc2F)cc1)C(N)=O,19976.31,174700,-10.986563923291845,109406.17040920522,0.15764000307916112,9.472920009237484,3,2.3681,64.35,302.34900000000005,2,7
71,CHEMBL132767,CCN(CC)c1cc(C)nc2ncnn12,3.806849718093872,1.072994351387024,CHEMBL4303835,SARS-CoV-2,CHEMBL6020,Bile salt export pump,CCN(CC)c1cc(C)nc2ncnn12,19976.31,627800,-11.626139636925767,429796.25296482985,0.6201061543027551,10.860318462908266,5,1.2789199999999998,46.32000000000001,205.265,0,3
